URI - All,URI - All
Address,Address
https://t26687-s41637.mozu.com/,https://t26687-s41637.mozu.com/
https://t26687-s41637.mozu.com/category/shop+by+brand/shop+brands+a-g/beval.do,https://t26687-s41637.mozu.com/category/shop+by+brand/shop+brands+a-g/beval.do
https://t26687-s41637.mozu.com/category/shop+by+brand/shop+brands+a-g/cactus+saddlery.do,https://t26687-s41637.mozu.com/category/shop+by+brand/shop+brands+a-g/cactus+saddlery.do
https://t26687-s41637.mozu.com/category/shop+by+brand/shop+brands+n-t/ramard.do,https://t26687-s41637.mozu.com/category/shop+by+brand/shop+brands+n-t/ramard.do
https://t26687-s41637.mozu.com/category/shop+by+brand/shop+brands+a-g/earthborn+holistic.do,https://t26687-s41637.mozu.com/category/shop+by+brand/shop+brands+a-g/earthborn+holistic.do
https://t26687-s41637.mozu.com/category/pet+supplies/dog+food.do,https://t26687-s41637.mozu.com/category/pet+supplies/dog+food.do
https://t26687-s41637.mozu.com/images/bigdweb/en_us/Homepage/fillslot_628d_2019.jpg,https://t26687-s41637.mozu.com/images/bigdweb/en_us/Homepage/fillslot_628d_2019.jpg
https://t26687-s41637.mozu.com/category/shop+by+brand/shop+brands+h-m/irideon.do,https://t26687-s41637.mozu.com/category/shop+by+brand/shop+brands+h-m/irideon.do
https://t26687-s41637.mozu.com/category/farm+%26+barn/hay+nets%2C+bags+%26+hay+racks.do,https://t26687-s41637.mozu.com/category/farm+%26+barn/hay+nets%2C+bags+%26+hay+racks.do
